{
  "contents": {
    "frameStats": {
      "opticalFlow": "1.1"
    },
    "performance": {
      "timing": "1.0",
      "hostinfo": "1.1"
    }
  },
  "frameStats": [
    {
      "durationSeconds": 26.639013338,
      "frameNumber": 1,
      "opticalFlow": {
        "center": [
          -960.0,
          -540.0
        ],
        "flowScale": 1.0,
        "fromFrame": 1,
        "imgScale": 0.25,
        "performance": {
          "timing": {
            "elapsedSeconds": 26.600886205,
            "minimization": 1.327418061,
            "opticalFlow": 18.858089615,
            "retrieveFrame1": 3.074070253,
            "retrieveFrame2": 2.320071808
          }
        },
        "similarity": [
          1.00000577066187,
          0.0,
          -0.000728492109561714,
          -0.00822039112679317
        ],
        "toFrame": 6,
        "valid": true
      }
    },
    {
      "durationSeconds": 27.237614633,
      "frameNumber": 11,
      "opticalFlow": {
        "center": [
          -960.0,
          -540.0
        ],
        "flowScale": 1.0,
        "fromFrame": 6,
        "imgScale": 0.25,
        "performance": {
          "timing": {
            "elapsedSeconds": 27.199609813,
            "minimization": 0.46354553,
            "opticalFlow": 18.753928079,
            "retrieveFrame1": 2.925775197,
            "retrieveFrame2": 4.689251059
          }
        },
        "similarity": [
          0.999970908298579,
          0.0,
          -0.0130183864977712,
          -0.0255494692470772
        ],
        "toFrame": 16,
        "valid": true
      }
    },
    {
      "durationSeconds": 26.93164323,
      "frameNumber": 21,
      "opticalFlow": {
        "center": [
          -960.0,
          -540.0
        ],
        "flowScale": 1.0,
        "fromFrame": 16,
        "imgScale": 0.25,
        "performance": {
          "timing": {
            "elapsedSeconds": 26.855691289,
            "minimization": 1.261777481,
            "opticalFlow": 19.459207498,
            "retrieveFrame1": 2.592325122,
            "retrieveFrame2": 2.284067414
          }
        },
        "similarity": [
          0.999979232623988,
          0.0,
          -0.0211858241307697,
          0.00888795909375942
        ],
        "toFrame": 26,
        "valid": true
      }
    },
    {
      "durationSeconds": 26.913322722,
      "frameNumber": 31,
      "opticalFlow": {
        "center": [
          -960.0,
          -540.0
        ],
        "flowScale": 1.0,
        "fromFrame": 26,
        "imgScale": 0.25,
        "performance": {
          "timing": {
            "elapsedSeconds": 26.80031085,
            "minimization": 1.656319144,
            "opticalFlow": 18.786245717,
            "retrieveFrame1": 3.111159051,
            "retrieveFrame2": 2.145469815
          }
        },
        "similarity": [
          1.00004068532344,
          0.0,
          0.0180137807967618,
          -0.0196300997364784
        ],
        "toFrame": 36,
        "valid": true
      }
    },
    {
      "durationSeconds": 27.188442424,
      "frameNumber": 41,
      "opticalFlow": {
        "center": [
          -960.0,
          -540.0
        ],
        "flowScale": 1.0,
        "fromFrame": 36,
        "imgScale": 0.25,
        "performance": {
          "timing": {
            "elapsedSeconds": 27.136129573,
            "minimization": 0.62265993,
            "opticalFlow": 20.344295547,
            "retrieveFrame1": 2.732756174,
            "retrieveFrame2": 2.627627975
          }
        },
        "similarity": [
          0.999996651815266,
          0.0,
          0.00619299129414562,
          0.00336885146819081
        ],
        "toFrame": 46,
        "valid": true
      }
    },
    {
      "durationSeconds": 27.61381051,
      "frameNumber": 51,
      "opticalFlow": {
        "center": [
          -960.0,
          -540.0
        ],
        "flowScale": 1.0,
        "fromFrame": 46,
        "imgScale": 0.25,
        "performance": {
          "timing": {
            "elapsedSeconds": 27.494596264,
            "minimization": 1.845345945,
            "opticalFlow": 18.026522481,
            "retrieveFrame1": 4.043331952,
            "retrieveFrame2": 2.009833903
          }
        },
        "similarity": [
          0.999982008111456,
          0.0,
          -0.0127969727373672,
          -0.000198358560960234
        ],
        "toFrame": 56,
        "valid": true
      }
    },
    {
      "durationSeconds": 26.499202635,
      "frameNumber": 61,
      "opticalFlow": {
        "center": [
          -960.0,
          -540.0
        ],
        "flowScale": 1.0,
        "fromFrame": 56,
        "imgScale": 0.25,
        "performance": {
          "timing": {
            "elapsedSeconds": 26.330171964,
            "minimization": 2.589596206,
            "opticalFlow": 16.934709524,
            "retrieveFrame1": 2.199590455,
            "retrieveFrame2": 1.802090976
          }
        },
        "similarity": [
          1.00001748588652,
          0.0,
          0.00729916699169903,
          -0.0495556769273419
        ],
        "toFrame": 66,
        "valid": true
      }
    }
  ],
  "movie": {
    "Duration": 2.30229997634888,
    "NumFrames": 69,
    "URL": "/RS03ASHS/PN03B/06-CAMHDA301/2015/07/15/CAMHDA301-20150715T232900Z.mov",
    "cacheURL": "http://lazycache:8080/v1/org/oceanobservatories/rawdata/files/RS03ASHS/PN03B/06-CAMHDA301/2015/07/15/CAMHDA301-20150715T232900Z.mov"
  },
  "performance": {
    "timing": {
      "elapsedSeconds": 28.763148307800293,
      "startTime": "2017-07-25 10:48:34.883609",
      "endTime": "2017-07-25 10:49:04.849823"
    },
    "hostinfo": {
      "hostname": "bd9257b42be7",
      "cpu": "Intel(R) Core(TM) i7-6700K CPU @ 4.00GHz"
    }
  }
}