{
  "contents": {
    "frameStats": {
      "opticalFlow": "1.1"
    },
    "performance": {
      "timing": "1.0",
      "hostinfo": "1.1"
    }
  },
  "frameStats": [
    {
      "durationSeconds": 7.277899199,
      "frameNumber": 1,
      "opticalFlow": {
        "center": [
          -960.0,
          -540.0
        ],
        "flowScale": 1.0,
        "fromFrame": 1,
        "imgScale": 0.25,
        "performance": {
          "timing": {
            "elapsedSeconds": 7.2465753,
            "minimization": 0.257923519,
            "opticalFlow": 2.29190977,
            "retrieveFrame1": 2.374692136,
            "retrieveFrame2": 2.191297521
          }
        },
        "similarity": [
          0.99995837944078,
          0.0,
          -0.00745667815886772,
          -0.0303470523959065
        ],
        "toFrame": 6,
        "valid": true
      }
    },
    {
      "durationSeconds": 7.00357375,
      "frameNumber": 11,
      "opticalFlow": {
        "center": [
          -960.0,
          -540.0
        ],
        "flowScale": 1.0,
        "fromFrame": 6,
        "imgScale": 0.25,
        "performance": {
          "timing": {
            "elapsedSeconds": 6.945462757,
            "minimization": 0.455597818,
            "opticalFlow": 1.93693855,
            "retrieveFrame1": 2.057381631,
            "retrieveFrame2": 2.078455269
          }
        },
        "similarity": [
          1.0000969591807,
          0.0,
          -0.0616385986022831,
          0.0987863836780193
        ],
        "toFrame": 16,
        "valid": true
      }
    },
    {
      "durationSeconds": 6.949453194,
      "frameNumber": 21,
      "opticalFlow": {
        "center": [
          -960.0,
          -540.0
        ],
        "flowScale": 1.0,
        "fromFrame": 16,
        "imgScale": 0.25,
        "performance": {
          "timing": {
            "elapsedSeconds": 6.910772317,
            "minimization": 0.315204103,
            "opticalFlow": 2.460398436,
            "retrieveFrame1": 1.943681946,
            "retrieveFrame2": 2.059792362
          }
        },
        "similarity": [
          0.999868597999648,
          0.0,
          -0.103349500161961,
          0.442095226394673
        ],
        "toFrame": 26,
        "valid": true
      }
    },
    {
      "durationSeconds": 19.701332372,
      "frameNumber": 31,
      "opticalFlow": {
        "center": [
          -960.0,
          -540.0
        ],
        "flowScale": 1.0,
        "fromFrame": 26,
        "imgScale": 0.25,
        "performance": {
          "timing": {
            "elapsedSeconds": 19.669983748,
            "minimization": 0.485113226,
            "opticalFlow": 13.780893291,
            "retrieveFrame1": 2.152789103,
            "retrieveFrame2": 2.996722755
          }
        },
        "similarity": [
          0.999801026720565,
          0.0,
          -0.138922020812132,
          0.200012708082149
        ],
        "toFrame": 36,
        "valid": true
      }
    },
    {
      "durationSeconds": 15.057666237,
      "frameNumber": 41,
      "opticalFlow": {
        "center": [
          -960.0,
          -540.0
        ],
        "flowScale": 1.0,
        "fromFrame": 36,
        "imgScale": 0.25,
        "performance": {
          "timing": {
            "elapsedSeconds": 14.788844013,
            "minimization": 2.596509785,
            "opticalFlow": 6.624991167,
            "retrieveFrame1": 2.548560318,
            "retrieveFrame2": 2.818704799
          }
        },
        "similarity": [
          0.99964316152876,
          0.0,
          -0.137098496481368,
          0.1151548950405
        ],
        "toFrame": 46,
        "valid": true
      }
    },
    {
      "durationSeconds": 16.271375616,
      "frameNumber": 51,
      "opticalFlow": {
        "center": [
          -960.0,
          -540.0
        ],
        "flowScale": 1.0,
        "fromFrame": 46,
        "imgScale": 0.25,
        "performance": {
          "timing": {
            "elapsedSeconds": 16.240654165,
            "minimization": 2.297002768,
            "opticalFlow": 8.413212927,
            "retrieveFrame1": 2.242003523,
            "retrieveFrame2": 2.132061816
          }
        },
        "similarity": [
          1.00004150804801,
          0.0,
          -0.00147391035128434,
          0.132653037472422
        ],
        "toFrame": 56,
        "valid": true
      }
    },
    {
      "durationSeconds": 16.228210791,
      "frameNumber": 61,
      "opticalFlow": {
        "center": [
          -960.0,
          -540.0
        ],
        "flowScale": 1.0,
        "fromFrame": 56,
        "imgScale": 0.25,
        "performance": {
          "timing": {
            "elapsedSeconds": 16.185433222,
            "minimization": 0.66344112,
            "opticalFlow": 11.139264236,
            "retrieveFrame1": 2.101769073,
            "retrieveFrame2": 2.077156289
          }
        },
        "similarity": [
          1.00015096629006,
          0.0,
          0.0438104573389411,
          -0.552121295316909
        ],
        "toFrame": 66,
        "valid": true
      }
    },
    {
      "durationSeconds": 22.358747874,
      "frameNumber": 71,
      "opticalFlow": {
        "center": [
          -960.0,
          -540.0
        ],
        "flowScale": 1.0,
        "fromFrame": 66,
        "imgScale": 0.25,
        "performance": {
          "timing": {
            "elapsedSeconds": 22.327894783,
            "minimization": 0.334052624,
            "opticalFlow": 15.231151508,
            "retrieveFrame1": 4.445844558,
            "retrieveFrame2": 2.036353057
          }
        },
        "similarity": [
          0.999936723462494,
          0.0,
          -0.104267852632725,
          -0.271781290996692
        ],
        "toFrame": 76,
        "valid": true
      }
    },
    {
      "durationSeconds": 20.009258431,
      "frameNumber": 81,
      "opticalFlow": {
        "center": [
          -960.0,
          -540.0
        ],
        "flowScale": 1.0,
        "fromFrame": 76,
        "imgScale": 0.25,
        "performance": {
          "timing": {
            "elapsedSeconds": 19.976847811,
            "minimization": 0.250158502,
            "opticalFlow": 14.239129278,
            "retrieveFrame1": 2.717128987,
            "retrieveFrame2": 2.530002719
          }
        },
        "similarity": [
          0.999990121637909,
          0.0,
          0.109727472615343,
          0.324342224676551
        ],
        "toFrame": 86,
        "valid": true
      }
    },
    {
      "durationSeconds": 21.857783702,
      "frameNumber": 91,
      "opticalFlow": {
        "center": [
          -960.0,
          -540.0
        ],
        "flowScale": 1.0,
        "fromFrame": 86,
        "imgScale": 0.25,
        "performance": {
          "timing": {
            "elapsedSeconds": 21.826622322,
            "minimization": 0.336640282,
            "opticalFlow": 13.703033794,
            "retrieveFrame1": 4.918965132,
            "retrieveFrame2": 2.623464012
          }
        },
        "similarity": [
          1.00036116987344,
          0.0,
          1.19429735350707,
          1.67156403256362
        ],
        "toFrame": 96,
        "valid": true
      }
    },
    {
      "durationSeconds": 8.489164701,
      "frameNumber": 101,
      "opticalFlow": {
        "center": [
          -960.0,
          -540.0
        ],
        "flowScale": 1.0,
        "fromFrame": 96,
        "imgScale": 0.25,
        "performance": {
          "timing": {
            "elapsedSeconds": 8.449586599,
            "minimization": 0.359276644,
            "opticalFlow": 3.481573184,
            "retrieveFrame1": 2.318196652,
            "retrieveFrame2": 2.125093943
          }
        },
        "similarity": [
          1.00034595285167,
          0.0,
          0.266869268600986,
          -0.609497637766821
        ],
        "toFrame": 106,