{
  "contents": {
    "frameStats": {
      "opticalFlow": "1.1"
    },
    "performance": {
      "timing": "1.0",
      "hostinfo": "1.1"
    }
  },
  "frameStats": [
    {
      "durationSeconds": 36.348470037,
      "frameNumber": 1,
      "opticalFlow": {
        "center": [
          -960.0,
          -540.0
        ],
        "flowScale": 1.0,
        "fromFrame": 1,
        "imgScale": 0.25,
        "performance": {
          "timing": {
            "elapsedSeconds": 36.216492883,
            "minimization": 0.909236109,
            "opticalFlow": 29.733874777,
            "retrieveFrame1": 2.176696304,
            "retrieveFrame2": 3.008279439
          }
        },
        "similarity": [
          0.999848248533981,
          0.0,
          0.0109142044409919,
          -0.157771163786951
        ],
        "toFrame": 6,
        "valid": true
      }
    },
    {
      "durationSeconds": 37.061497224,
      "frameNumber": 11,
      "opticalFlow": {
        "center": [
          -960.0,
          -540.0
        ],
        "flowScale": 1.0,
        "fromFrame": 6,
        "imgScale": 0.25,
        "performance": {
          "timing": {
            "elapsedSeconds": 37.006154717,
            "minimization": 0.890114606,
            "opticalFlow": 30.089184478,
            "retrieveFrame1": 2.400332199,
            "retrieveFrame2": 2.823687693
          }
        },
        "similarity": [
          0.999655308691646,
          0.0,
          -0.341184902151868,
          -0.374694886357558
        ],
        "toFrame": 16,
        "valid": true
      }
    },
    {
      "durationSeconds": 38.167055232,
      "frameNumber": 21,
      "opticalFlow": {
        "center": [
          -960.0,
          -540.0
        ],
        "flowScale": 1.0,
        "fromFrame": 16,
        "imgScale": 0.25,
        "performance": {
          "timing": {
            "elapsedSeconds": 38.095571464,
            "minimization": 0.785207447,
            "opticalFlow": 28.743202028,
            "retrieveFrame1": 4.136140775,
            "retrieveFrame2": 3.65830523
          }
        },
        "similarity": [
          0.999782393470813,
          0.0,
          -0.219692703877733,
          -0.236373667581403
        ],
        "toFrame": 26,
        "valid": true
      }
    },
    {
      "durationSeconds": 36.860226779,
      "frameNumber": 31,
      "opticalFlow": {
        "center": [
          -960.0,
          -540.0
        ],
        "flowScale": 1.0,
        "fromFrame": 26,
        "imgScale": 0.25,
        "performance": {
          "timing": {
            "elapsedSeconds": 36.69419272,
            "minimization": 0.994863384,
            "opticalFlow": 29.827868031,
            "retrieveFrame1": 2.090645157,
            "retrieveFrame2": 2.049841723
          }
        },
        "similarity": [
          1.00021090714482,
          0.0,
          0.139249544710246,
          -0.291211369843616
        ],
        "toFrame": 36,
        "valid": true
      }
    },
    {
      "durationSeconds": 36.923651715,
      "frameNumber": 41,
      "opticalFlow": {
        "center": [
          -960.0,
          -540.0
        ],
        "flowScale": 1.0,
        "fromFrame": 36,
        "imgScale": 0.25,
        "performance": {
          "timing": {
            "elapsedSeconds": 36.878933533,
            "minimization": 1.033725677,
            "opticalFlow": 28.646552148,
            "retrieveFrame1": 2.821560646,
            "retrieveFrame2": 3.082060357
          }
        },
        "similarity": [
          0.9243084375654,
          0.0,
          -0.911291769507854,
          1.32468681368523
        ],
        "toFrame": 46,
        "valid": true
      }
    },
    {
      "durationSeconds": 36.865069177,
      "frameNumber": 51,
      "opticalFlow": {
        "center": [
          -960.0,
          -540.0
        ],
        "flowScale": 1.0,
        "fromFrame": 46,
        "imgScale": 0.25,
        "performance": {
          "timing": {
            "elapsedSeconds": 36.724025729,
            "minimization": 2.951088135,
            "opticalFlow": 24.8315006,
            "retrieveFrame1": 3.169585719,
            "retrieveFrame2": 3.144583473
          }
        },
        "similarity": [
          0.924394830703683,
          0.0,
          -0.649211951509753,
          1.01645130963653
        ],
        "toFrame": 56,
        "valid": true
      }
    }
  ],
  "movie": {
    "Duration": 1.93526661396027,
    "NumFrames": 58,
    "URL": "/RS03ASHS/PN03B/06-CAMHDA301/2015/07/11/CAMHDA301-20150711T003200Z.mov",
    "cacheURL": "http://lazycache:8080/v1/org/oceanobservatories/rawdata/files/RS03ASHS/PN03B/06-CAMHDA301/2015/07/11/CAMHDA301-20150711T003200Z.mov"
  },
  "performance": {
    "timing": {
      "elapsedSeconds": 38.49913501739502,
      "startTime": "2017-07-25 05:07:14.296863",
      "endTime": "2017-07-25 05:07:54.136545"
    },
    "hostinfo": {
      "hostname": "a4ab075e5f8a",
      "cpu": "Intel(R) Core(TM) i7-6700K CPU @ 4.00GHz"
    }
  }
}